subject,trial,run,true,within_ours,within_braindecode,loso_no_ea
A01,0,0,3,3,3,2
A01,1,0,2,2,2,2
A01,2,0,1,1,1,1
A01,3,0,0,0,0,0
A01,4,0,0,0,0,0
A01,5,0,1,0,0,0
A01,6,0,2,2,2,2
A01,7,0,3,2,2,2
A01,8,0,1,1,1,2
A01,9,0,2,0,0,2
A01,10,0,0,3,0,0
A01,11,0,0,0,0,0
A01,12,0,0,0,0,0
A01,13,0,3,3,2,0
A01,14,0,1,0,1,0
A01,15,0,1,1,0,1
A01,16,0,0,1,0,0
A01,17,0,0,0,0,0
A01,18,0,2,2,2,2
A01,19,0,0,0,0,0
A01,20,0,1,1,1,1
A01,21,0,3,3,0,0
A01,22,0,3,3,2,0
A01,23,0,2,0,0,0
A01,24,0,0,0,0,0
A01,25,0,3,3,3,0
A01,26,0,3,3,3,0
A01,27,0,1,2,1,2
A01,28,0,3,3,3,0
A01,29,0,3,3,3,0
A01,30,0,1,0,0,1
A01,31,0,0,0,0,0
A01,32,0,1,0,0,1
A01,33,0,2,0,0,0
A01,34,0,2,1,1,2
A01,35,0,2,3,3,3
A01,36,0,3,3,3,2
A01,37,0,2,1,1,1
A01,38,0,0,1,1,2
A01,39,0,3,3,3,1
A01,40,0,1,1,1,0
A01,41,0,2,2,0,2
A01,42,0,1,0,0,1
A01,43,0,2,2,3,2
A01,44,0,3,3,3,3
A01,45,0,1,1,1,2
A01,46,0,2,0,0,2
A01,47,0,0,1,1,0
A01,48,1,0,0,0,0
A01,49,1,0,0,1,0
A01,50,1,3,3,3,3
A01,51,1,1,1,1,1
A01,52,1,0,1,0,0
A01,53,1,2,2,2,2
A01,54,1,0,0,0,0
A01,55,1,2,2,2,2
A01,56,1,1,1,1,0
A01,57,1,3,3,3,3
A01,58,1,0,0,0,0
A01,59,1,2,3,3,3
A01,60,1,2,3,3,0
A01,61,1,0,1,1,1
A01,62,1,2,2,2,2
A01,63,1,1,1,1,1
A01,64,1,3,3,3,0
A01,65,1,3,3,3,2
A01,66,1,3,3,3,0
A01,67,1,2,1,2,2
A01,68,1,0,1,1,2
A01,69,1,3,3,3,3
A01,70,1,1,1,1,1
A01,71,1,3,0,3,0
A01,72,1,1,1,1,1
A01,73,1,0,1,0,0
A01,74,1,2,2,2,3
A01,75,1,1,1,1,1
A01,76,1,0,0,0,0
A01,77,1,2,2,3,0
A01,78,1,2,3,3,2
A01,79,1,0,0,0,0
A01,80,1,2,2,3,2
A01,81,1,3,3,3,2
A01,82,1,3,2,2,2
A01,83,1,1,1,1,1
A01,84,1,0,0,0,0
A01,85,1,1,1,1,1
A01,86,1,3,3,2,2
A01,87,1,1,1,1,0
A01,88,1,3,3,3,0
A01,89,1,2,1,0,0
A01,90,1,1,1,1,1
A01,91,1,1,1,1,0
A01,92,1,1,1,1,0
A01,93,1,2,3,3,3
A01,94,1,3,2,2,3
A01,95,1,0,0,0,0
A01,96,2,1,0,1,0
A01,97,2,3,3,3,0
A01,98,2,0,2,2,0
A01,99,2,2,2,2,2
A01,100,2,2,2,2,3
A01,101,2,3,3,3,3
A01,102,2,0,0,0,0
A01,103,2,0,0,0,0
A01,104,2,2,2,2,2
A01,105,2,1,1,0,1
A01,106,2,3,3,3,3
A01,107,2,3,3,3,2
A01,108,2,3,2,2,3
A01,109,2,1,1,1,0
A01,110,2,0,2,2,0
A01,111,2,2,2,0,0
A01,112,2,1,1,1,0
A01,113,2,3,3,3,3
A01,114,2,0,2,0,0
A01,115,2,3,3,3,2
A01,116,2,2,2,2,2
A01,117,2,1,1,1,0
A01,118,2,3,3,3,2
A01,119,2,3,2,2,1
A01,120,2,0,0,0,0
A01,121,2,1,1,1,1
A01,122,2,1,1,1,1
A01,123,2,2,2,0,0
A01,124,2,3,3,3,0
A01,125,2,1,1,1,2
A01,126,2,0,0,0,0
A01,127,2,0,0,0,0
A01,128,2,3,3,3,3
A01,129,2,1,1,1,1
A01,130,2,0,0,1,0
A01,131,2,2,3,2,2
A01,132,2,1,1,1,0
A01,133,2,1,1,1,1
A01,134,2,2,2,3,2
A01,135,2,0,0,0,0
A01,136,2,3,3,3,3
A01,137,2,2,2,2,1
A01,138,2,2,2,2,3
A01,139,2,2,3,3,3
A01,140,2,2,2,2,2
A01,141,2,0,0,0,0
A01,142,2,1,1,1,0
A01,143,2,0,0,0,0
A01,144,3,1,1,1,0
A01,145,3,0,0,0,0
A01,146,3,0,0,0,0
A01,147,3,2,3,2,3
A01,148,3,2,2,2,2
A01,149,3,1,1,1,0
A01,150,3,2,2,2,2
A01,151,3,3,3,2,0
A01,152,3,0,0,0,0
A01,153,3,3,3,3,3
A01,154,3,0,0,0,0
A01,155,3,0,0,1,0
A01,156,3,1,1,1,1
A01,157,3,3,3,3,3
A01,158,3,2,2,2,2
A01,159,3,1,1,1,1
A01,160,3,3,3,3,3
A01,161,3,2,2,2,2
A01,162,3,3,3,3,3
A01,163,3,2,2,0,0
A01,164,3,3,3,3,3
A01,165,3,1,1,1,1
A01,166,3,1,2,1,1
A01,167,3,3,0,0,0
A01,168,3,0,2,0,0
A01,169,3,1,1,1,1
A01,170,3,1,1,1,1
A01,171,3,1,1,1,0
A01,172,3,2,3,3,3
A01,173,3,3,3,2,3
A01,174,3,0,0,0,0
A01,175,3,3,2,2,2
A01,176,3,0,1,1,0
A01,177,3,2,2,2,1
A01,178,3,0,1,1,1
A01,179,3,3,3,3,3
A01,180,3,0,0,0,0
A01,181,3,2,2,2,2
A01,182,3,0,1,1,0
A01,183,3,1,2,1,1
A01,184,3,2,2,2,2
A01,185,3,2,2,2,2
A01,186,3,3,3,3,3
A01,187,3,0,0,0,0
A01,188,3,1,1,1,1
A01,189,3,3,3,3,3
A01,190,3,1,1,1,1
A01,191,3,2,2,2,3
A01,192,4,2,2,2,2
A01,193,4,0,0,1,0
A01,194,4,3,3,3,3
A01,195,4,1,1,1,1
A01,196,4,3,3,3,3
A01,197,4,0,0,0,0
A01,198,4,0,0,0,1
A01,199,4,2,3,2,2
A01,200,4,2,2,2,2
A01,201,4,1,1,0,1
A01,202,4,3,3,3,3
A01,203,4,1,1,1,1
A01,204,4,1,2,1,1
A01,205,4,0,0,0,0
A01,206,4,1,1,1,1
A01,207,4,3,2,2,0
A01,208,4,3,2,2,2
A01,209,4,1,1,0,2
A01,210,4,1,0,1,0
A01,211,4,1,1,1,0
A01,212,4,1,1,1,0
A01,213,4,3,2,2,0
A01,214,4,3,3,3,0
A01,215,4,2,3,3,2
A01,216,4,3,3,3,3
A01,217,4,0,0,0,0
A01,218,4,1,1,1,1
A01,219,4,2,3,3,2
A01,220,4,1,1,1,0
A01,221,4,0,0,0,0
A01,222,4,3,3,3,1
A01,223,4,0,0,0,0
A01,224,4,3,3,2,3
A01,225,4,0,0,0,0
A01,226,4,0,0,0,0
A01,227,4,0,0,0,0
A01,228,4,0,2,2,0
A01,229,4,2,1,1,1
A01,230,4,2,2,2,2
A01,231,4,3,3,3,3
A01,232,4,1,1,1,0
A01,233,4,2,2,2,0
A01,234,4,2,0,0,0
A01,235,4,2,0,0,0
A01,236,4,3,3,3,2
A01,237,4,2,1,1,2
A01,238,4,0,0,0,0
A01,239,4,2,3,2,0
A01,240,5,0,1,1,0
A01,241,5,3,2,2,2
A01,242,5,1,1,1,0
A01,243,5,3,2,3,3
A01,244,5,3,3,3,3
A01,245,5,2,2,2,2
A01,246,5,3,3,3,2
A01,247,5,3,2,3,2
A01,248,5,2,2,2,2
A01,249,5,1,1,1,0
A01,250,5,3,2,2,0
A01,251,5,2,2,2,2
A01,252,5,0,0,1,0
A01,253,5,1,1,1,1
A01,254,5,1,1,1,0
A01,255,5,1,1,1,1
A01,256,5,2,3,3,0
A01,257,5,1,1,0,0
A01,258,5,3,3,3,3
A01,259,5,2,3,3,2
A01,260,5,3,3,3,0
A01,261,5,1,1,1,0
A01,262,5,2,2,3,3
A01,263,5,0,0,0,0
A01,264,5,3,3,3,3
A01,265,5,0,0,0,0
A01,266,5,2,2,3,2
A01,267,5,3,3,3,2
A01,268,5,0,0,0,0
A01,269,5,2,2,2,2
A01,270,5,0,1,1,0
A01,271,5,1,1,1,0
A01,272,5,1,1,1,0
A01,273,5,0,0,0,0
A01,274,5,3,3,3,2
A01,275,5,0,0,0,0
A01,276,5,3,3,3,3
A01,277,5,2,3,3,2
A01,278,5,2,1,0,2
A01,279,5,0,1,0,0
A01,280,5,2,3,3,3
A01,281,5,1,1,1,1
A01,282,5,1,1,1,1
A01,283,5,0,0,0,0
A01,284,5,2,0,2,0
A01,285,5,0,0,0,0
A01,286,5,1,1,1,1
A01,287,5,0,0,0,0
A02,0,0,0,1,2,0
A02,1,0,1,3,3,1
A02,2,0,1,3,1,1
A02,3,0,0,1,1,0
A02,4,0,1,1,3,0
A02,5,0,0,3,3,0
A02,6,0,1,3,2,1
A02,7,0,2,0,2,0
A02,8,0,1,2,3,2
A02,9,0,3,2,1,0
A02,10,0,0,0,3,0
A02,11,0,2,3,2,1
A02,12,0,1,3,1,0
A02,13,0,0,0,0,0
A02,14,0,3,1,3,0
A02,15,0,3,1,3,1
A02,16,0,3,2,3,0
A02,17,0,3,3,3,0
A02,18,0,3,0,0,2
A02,19,0,0,1,1,0
A02,20,0,2,2,1,0
A02,21,0,1,3,3,1
A02,22,0,0,1,3,0
A02,23,0,0,1,1,0
A02,24,0,2,2,2,1
A02,25,0,3,0,3,0
A02,26,0,0,3,1,1
A02,27,0,2,2,2,2
A02,28,0,2,1,1,0
A02,29,0,2,2,2,1
A02,30,0,0,0,1,0
A02,31,0,1,1,3,0
A02,32,0,0,1,3,1
A02,33,0,1,2,1,2
A02,34,0,1,0,3,1
A02,35,0,0,1,3,1
A02,36,0,1,0,0,2
A02,37,0,2,3,2,2
A02,38,0,1,0,3,2
A02,39,0,2,0,2,0
A02,40,0,2,3,1,1
A02,41,0,3,0,3,2
A02,42,0,2,3,2,0
A02,43,0,2,1,2,0
A02,44,0,3,1,1,1
A02,45,0,3,1,3,2
A02,46,0,3,3,3,1
A02,47,0,3,1,3,0
A02,48,1,3,0,3,2
A02,49,1,2,3,3,0
A02,50,1,1,1,2,1
A02,51,1,0,3,3,1
A02,52,1,0,1,1,0
A02,53,1,1,1,1,2
A02,54,1,2,2,2,2
A02,55,1,3,1,0,1
A02,56,1,1,2,2,2
A02,57,1,2,2,2,1
A02,58,1,0,1,3,2
A02,59,1,0,3,3,2
A02,60,1,0,1,3,1
A02,61,1,3,1,0,0
A02,62,1,1,3,0,2
A02,63,1,1,1,1,1
A02,64,1,0,3,3,2
A02,65,1,0,3,3,0
A02,66,1,2,2,2,1
A02,67,1,0,3,0,0
A02,68,1,1,1,1,1
A02,69,1,3,0,3,0
A02,70,1,3,0,3,0
A02,71,1,2,2,2,0
A02,72,1,0,3,0,0
A02,73,1,3,0,0,1
A02,74,1,3,3,3,3
A02,75,1,1,1,1,2
A02,76,1,3,2,2,0
A02,77,1,3,0,0,1
A02,78,1,1,1,1,2
A02,79,1,0,2,3,0
A02,80,1,1,1,3,1
A02,81,1,2,2,2,1
A02,82,1,2,2,2,1
A02,83,1,2,2,2,1
A02,84,1,3,3,0,0
A02,85,1,2,2,2,1
A02,86,1,0,1,3,2
A02,87,1,3,3,1,1
A02,88,1,1,0,0,2
A02,89,1,2,2,2,1
A02,90,1,1,3,3,1
A02,91,1,2,2,2,2
A02,92,1,3,0,3,2
A02,93,1,1,1,0,1
A02,94,1,2,2,2,0
A02,95,1,0,3,3,1
A02,96,2,0,1,1,0
A02,97,2,0,1,1,2
A02,98,2,3,1,3,2
A02,99,2,1,1,3,0
A02,100,2,0,1,3,0
A02,101,2,2,3,3,3
A02,102,2,0,3,3,0
A02,103,2,2,3,1,1
A02,104,2,1,3,1,2
A02,105,2,3,3,1,2
A02,106,2,0,1,3,0
A02,107,2,2,1,0,1
A02,108,2,2,1,3,2
A02,109,2,0,1,3,0
A02,110,2,2,3,1,2
A02,111,2,1,3,3,2
A02,112,2,3,1,3,3
A02,113,2,3,1,3,0
A02,114,2,3,3,1,2
A02,115,2,2,3,0,3
A02,116,2,0,1,1,0
A02,117,2,3,1,1,3
A02,118,2,1,1,1,1
A02,119,2,3,1,3,2
A02,120,2,1,3,3,0
A02,121,2,0,3,3,2
A02,122,2,2,3,0,1
A02,123,2,1,1,3,1
A02,124,2,0,1,3,2
A02,125,2,2,3,0,0
A02,126,2,2,3,1,0
A02,127,2,0,1,3,0
A02,128,2,2,3,0,2
A02,129,2,3,1,3,2
A02,130,2,3,3,1,3
A02,131,2,1,3,1,0
A02,132,2,0,1,1,0
A02,133,2,1,3,3,1
A02,134,2,3,3,3,2
A02,135,2,1,1,3,2
A02,136,2,3,3,1,0
A02,137,2,2,1,3,1
A02,138,2,1,1,0,1
A02,139,2,1,3,3,2
A02,140,2,1,1,1,0
A02,141,2,2,1,1,1
A02,142,2,3,1,1,0
A02,143,2,0,1,1,2
A02,144,3,1,1,0,2
A02,145,3,3,1,0,2
A02,146,3,0,0,0,0
A02,147,3,2,1,1,0
A02,148,3,2,1,1,1
A02,149,3,3,2,2,0
A02,150,3,0,0,0,2
A02,151,3,0,0,1,0
A02,152,3,2,1,0,2
A02,153,3,1,0,1,2
A02,154,3,3,0,0,1
A02,155,3,3,0,0,2
A02,156,3,3,0,0,1
A02,157,3,1,3,0,2
A02,158,3,0,0,0,1
A02,159,3,2,2,1,2
A02,160,3,1,0,2,0
A02,161,3,3,3,1,2
A02,162,3,0,1,0,0
A02,163,3,3,2,0,2
A02,164,3,2,2,3,0
A02,165,3,1,2,0,2
A02,166,3,3,3,0,2
A02,167,3,3,3,3,0
A02,168,3,0,0,1,0
A02,169,3,1,1,1,2
A02,170,3,1,0,0,1
A02,171,3,2,1,1,2
A02,172,3,3,0,0,1
A02,173,3,1,3,1,2
A02,174,3,0,0,3,2
A02,175,3,0,0,3,0
A02,176,3,3,1,1,2
A02,177,3,1,2,0,2
A02,178,3,0,2,0,2
A02,179,3,2,3,3,1
A02,180,3,1,0,1,2
A02,181,3,1,3,0,2
A02,182,3,2,2,1,1
A02,183,3,0,3,3,2
A02,184,3,3,3,3,2
A02,185,3,2,1,1,3
A02,186,3,2,2,0,2
A02,187,3,2,1,0,1
A02,188,3,2,0,0,0
A02,189,3,0,0,0,0
A02,190,3,1,3,1,2
A02,191,3,0,3,1,0
A02,192,4,1,3,1,2
A02,193,4,0,0,3,0
A02,194,4,0,3,3,0
A02,195,4,2,2,2,2
A02,196,4,2,1,1,2
A02,197,4,1,0,3,0
A02,198,4,2,2,2,1
A02,199,4,3,3,3,2
A02,200,4,0,0,0,2
A02,201,4,3,3,3,2
A02,202,4,0,0,0,0
A02,203,4,0,1,0,2
A02,204,4,1,3,3,0
A02,205,4,3,3,3,2
A02,206,4,2,2,2,2
A02,207,4,1,1,1,2
A02,208,4,3,0,0,2
A02,209,4,2,2,2,0
A02,210,4,3,3,3,2
A02,211,4,2,2,2,0
A02,212,4,3,1,1,3
A02,213,4,1,0,0,0
A02,214,4,1,1,1,0
A02,215,4,3,1,2,2
A02,216,4,0,1,0,2
A02,217,4,1,1,1,0
A02,218,4,1,0,0,0
A02,219,4,1,0,0,2
A02,220,4,2,2,2,2
A02,221,4,3,1,1,0
A02,222,4,0,3,3,2
A02,223,4,3,3,3,3
A02,224,4,0,1,3,1
A02,225,4,2,2,2,0
A02,226,4,0,0,0,2
A02,227,4,3,0,0,1
A02,228,4,0,3,3,0
A02,229,4,2,2,2,2
A02,230,4,0,0,0,2
A02,231,4,1,0,0,1
A02,232,4,2,2,2,0
A02,233,4,2,2,2,0
A02,234,4,3,0,3,0
A02,235,4,0,0,1,0
A02,236,4,1,1,1,1
A02,237,4,3,3,3,1
A02,238,4,1,0,1,1
A02,239,4,2,2,2,0
A02,240,5,2,2,2,0
A02,241,5,0,3,1,0
A02,242,5,3,2,3,1
A02,243,5,1,1,1,2
A02,244,5,3,0,0,1
A02,245,5,0,0,1,0
A02,246,5,0,0,0,0
A02,247,5,2,3,2,0
A02,248,5,2,0,2,3
A02,249,5,1,0,1,2
A02,250,5,3,3,0,0
A02,251,5,1,0,0,0
A02,252,5,1,3,0,2
A02,253,5,0,0,1,2
A02,254,5,1,2,3,0
A02,255,5,3,0,3,2
A02,256,5,3,3,3,0
A02,257,5,1,0,0,0
A02,258,5,1,1,3,2
A02,259,5,1,0,0,2
A02,260,5,1,1,3,2
A02,261,5,3,0,3,0
A02,262,5,3,3,0,0
A02,263,5,2,2,2,1
A02,264,5,3,0,0,0
A02,265,5,0,1,1,2
A02,266,5,1,1,1,1
A02,267,5,2,1,2,2
A02,268,5,1,3,3,2
A02,269,5,0,1,1,1
A02,270,5,3,2,2,0
A02,271,5,0,1,1,0
A02,272,5,3,0,3,0
A02,273,5,0,1,1,2
A02,274,5,0,0,3,2
A02,275,5,0,2,2,0
A02,276,5,0,0,1,0
A02,277,5,2,2,2,2
A02,278,5,2,2,2,2
A02,279,5,3,1,3,0
A02,280,5,1,3,0,1
A02,281,5,2,2,2,0
A02,282,5,2,2,2,2
A02,283,5,2,2,2,0
A02,284,5,3,0,0,1
A02,285,5,2,2,2,0
A02,286,5,0,0,0,1
A02,287,5,2,2,2,1
A03,0,0,0,1,1,0
A03,1,0,1,1,1,1
A03,2,0,1,1,1,1
A03,3,0,0,0,0,0
A03,4,0,1,1,1,0
A03,5,0,0,0,0,0
A03,6,0,1,1,1,0
A03,7,0,2,2,2,0
A03,8,0,1,1,1,0
A03,9,0,3,3,3,3
A03,10,0,0,0,0,0
A03,11,0,2,1,1,1
A03,12,0,1,1,1,1
A03,13,0,0,0,0,0
A03,14,0,3,3,3,3
A03,15,0,3,1,3,3
A03,16,0,3,2,2,0
A03,17,0,3,2,2,0
A03,18,0,3,3,3,3
A03,19,0,0,0,0,0
A03,20,0,2,2,2,0
A03,21,0,1,1,1,1
A03,22,0,0,0,0,0
A03,23,0,0,0,0,0
A03,24,0,2,2,2,1
A03,25,0,3,3,3,1
A03,26,0,0,0,0,0
A03,27,0,2,2,2,0
A03,28,0,2,2,2,0
A03,29,0,2,2,2,0
A03,30,0,0,0,0,0
A03,31,0,1,1,1,1
A03,32,0,0,0,0,0
A03,33,0,1,1,1,1
A03,34,0,1,1,1,0
A03,35,0,0,0,0,0
A03,36,0,1,1,1,1
A03,37,0,2,2,2,0
A03,38,0,1,1,1,0
A03,39,0,2,2,3,0
A03,40,0,2,2,2,0
A03,41,0,3,3,3,0
A03,42,0,2,2,2,0
A03,43,0,2,2,2,0
A03,44,0,3,3,3,3
A03,45,0,3,3,3,2
A03,46,0,3,3,3,0
A03,47,0,3,3,3,0
A03,48,1,3,3,3,0
A03,49,1,2,2,2,0
A03,50,1,1,1,1,1
A03,51,1,0,0,0,0
A03,52,1,0,0,0,0
A03,53,1,1,1,1,1
A03,54,1,2,2,2,1
A03,55,1,3,3,3,3
A03,56,1,1,1,1,0
A03,57,1,2,2,2,0
A03,58,1,0,0,0,0
A03,59,1,0,0,0,0
A03,60,1,0,0,0,0
A03,61,1,3,3,3,3
A03,62,1,1,1,1,0
A03,63,1,1,1,1,0
A03,64,1,0,0,0,0
A03,65,1,0,2,0,0
A03,66,1,2,2,2,1
A03,67,1,0,0,0,0
A03,68,1,1,1,1,1
A03,69,1,3,3,3,3
A03,70,1,3,3,3,0
A03,71,1,2,2,2,0
A03,72,1,0,0,0,0
A03,73,1,3,3,3,3
A03,74,1,3,2,3,0
A03,75,1,1,1,1,0
A03,76,1,3,3,3,0
A03,77,1,3,2,3,0
A03,78,1,1,1,1,0
A03,79,1,0,0,0,0
A03,80,1,1,1,1,1
A03,81,1,2,2,2,0
A03,82,1,2,3,3,0
A03,83,1,2,2,2,0
A03,84,1,3,2,3,1
A03,85,1,2,2,2,3
A03,86,1,0,0,0,0
A03,87,1,3,3,3,3
A03,88,1,1,1,1,3
A03,89,1,2,2,2,3
A03,90,1,1,1,1,1
A03,91,1,2,2,2,0
A03,92,1,3,3,3,0
A03,93,1,1,1,1,1
A03,94,1,2,2,2,0
A03,95,1,0,0,0,0
A03,96,2,0,0,0,0
A03,97,2,0,0,0,0
A03,98,2,3,3,2,2
A03,99,2,1,1,1,1
A03,100,2,0,0,0,0
A03,101,2,2,0,0,1
A03,102,2,0,0,2,1
A03,103,2,2,2,2,2
A03,104,2,1,1,1,1
A03,105,2,3,3,3,3
A03,106,2,0,0,0,0
A03,107,2,2,2,2,2
A03,108,2,2,2,2,0
A03,109,2,0,0,0,0
A03,110,2,2,2,2,0
A03,111,2,1,1,1,0
A03,112,2,3,3,3,0
A03,113,2,3,3,3,3
A03,114,2,3,3,3,0
A03,115,2,2,2,2,0
A03,116,2,0,0,0,0
A03,117,2,3,2,3,3
A03,118,2,1,1,1,1
A03,119,2,3,3,3,3
A03,120,2,1,1,1,0
A03,121,2,0,2,0,0
A03,122,2,2,2,2,1
A03,123,2,1,1,1,0
A03,124,2,0,0,0,0
A03,125,2,2,2,2,0
A03,126,2,2,3,2,2
A03,127,2,0,0,0,0
A03,128,2,2,2,2,0
A03,129,2,3,3,3,3
A03,130,2,3,3,3,3
A03,131,2,1,1,1,0
A03,132,2,0,0,0,0
A03,133,2,1,1,1,1
A03,134,2,3,3,3,3
A03,135,2,1,1,1,1
A03,136,2,3,3,3,3
A03,137,2,2,2,2,0
A03,138,2,1,1,1,0
A03,139,2,1,1,1,0
A03,140,2,1,1,1,1
A03,141,2,2,2,2,0
A03,142,2,3,3,3,0
A03,143,2,0,0,0,0
A03,144,3,1,1,1,1
A03,145,3,3,2,2,0
A03,146,3,0,0,0,0
A03,147,3,2,2,2,0
A03,148,3,2,2,2,0
A03,149,3,3,3,3,3
A03,150,3,0,0,0,0
A03,151,3,0,0,0,0
A03,152,3,2,2,2,0
A03,153,3,1,1,1,1
A03,154,3,3,3,3,3
A03,155,3,3,3,3,3
A03,156,3,3,3,3,0
A03,157,3,1,1,1,3
A03,158,3,0,0,0,0
A03,159,3,2,2,0,0
A03,160,3,1,2,1,0
A03,161,3,3,3,3,3
A03,162,3,0,0,0,0
A03,163,3,3,3,3,3
A03,164,3,2,2,2,3
A03,165,3,1,1,1,0
A03,166,3,3,2,2,1
A03,167,3,3,3,2,1
A03,168,3,0,0,0,0
A03,169,3,1,1,1,1
A03,170,3,1,1,1,3
A03,171,3,2,2,2,0
A03,172,3,3,3,3,3
A03,173,3,1,1,1,1
A03,174,3,0,0,0,0
A03,175,3,0,0,0,0
A03,176,3,3,3,3,3
A03,177,3,1,1,1,1
A03,178,3,0,0,3,0
A03,179,3,2,2,2,0
A03,180,3,1,1,1,1
A03,181,3,1,1,1,1
A03,182,3,2,2,2,3
A03,183,3,0,0,0,2
A03,184,3,3,3,3,3
A03,185,3,2,2,2,0
A03,186,3,2,3,3,3
A03,187,3,2,2,2,0
A03,188,3,2,2,3,3
A03,189,3,0,0,0,0
A03,190,3,1,1,1,1
A03,191,3,0,0,0,0
A03,192,4,1,0,0,2
A03,193,4,0,0,0,0
A03,194,4,0,0,0,0
A03,195,4,2,0,0,0
A03,196,4,2,2,2,3
A03,197,4,1,1,1,1
A03,198,4,2,2,2,3
A03,199,4,3,0,3,3
A03,200,4,0,0,0,0
A03,201,4,3,1,1,3
A03,202,4,0,0,0,0
A03,203,4,0,0,0,0
A03,204,4,1,1,1,3
A03,205,4,3,3,3,3
A03,206,4,2,0,2,0
A03,207,4,1,1,1,1
A03,208,4,3,3,3,3
A03,209,4,2,2,2,0
A03,210,4,3,0,0,0
A03,211,4,2,2,2,2
A03,212,4,3,3,3,3
A03,213,4,1,1,1,1
A03,214,4,1,1,1,0
A03,215,4,3,3,3,3
A03,216,4,0,0,0,0
A03,217,4,1,1,1,0
A03,218,4,1,1,1,0
A03,219,4,1,1,1,1
A03,220,4,2,2,2,0
A03,221,4,3,3,3,3
A03,222,4,0,1,1,3
A03,223,4,3,3,3,1
A03,224,4,0,0,0,0
A03,225,4,2,2,2,0
A03,226,4,0,0,0,3
A03,227,4,3,3,3,3
A03,228,4,0,0,0,0
A03,229,4,2,2,2,0
A03,230,4,0,0,0,0
A03,231,4,1,1,1,1
A03,232,4,2,2,2,0
A03,233,4,2,2,2,0
A03,234,4,3,3,3,0
A03,235,4,0,0,0,0
A03,236,4,1,1,1,1
A03,237,4,3,0,0,0
A03,238,4,1,1,1,0
A03,239,4,2,1,2,0
A03,240,5,2,2,2,1
A03,241,5,0,0,0,0
A03,242,5,3,3,3,3
A03,243,5,1,1,1,1
A03,244,5,3,3,3,3
A03,245,5,0,0,0,0
A03,246,5,0,0,0,0
A03,247,5,2,2,2,0
A03,248,5,2,2,3,1
A03,249,5,1,1,1,0
A03,250,5,3,3,3,0
A03,251,5,1,1,1,0
A03,252,5,1,1,1,0
A03,253,5,0,0,0,0
A03,254,5,1,1,1,1
A03,255,5,3,3,3,3
A03,256,5,3,3,3,3
A03,257,5,1,0,0,1
A03,258,5,1,1,1,1
A03,259,5,1,3,3,1
A03,260,5,1,3,3,0
A03,261,5,3,3,3,3
A03,262,5,3,3,3,0
A03,263,5,2,2,2,0
A03,264,5,3,3,3,0
A03,265,5,0,0,0,0
A03,266,5,1,1,1,1
A03,267,5,2,2,2,0
A03,268,5,1,1,1,0
A03,269,5,0,0,0,0
A03,270,5,3,3,3,1
A03,271,5,0,0,0,0
A03,272,5,3,3,3,3
A03,273,5,0,0,0,3
A03,274,5,0,0,1,0
A03,275,5,0,3,3,0
A03,276,5,0,0,0,0
A03,277,5,2,3,3,2
A03,278,5,2,2,2,2
A03,279,5,3,3,3,3
A03,280,5,1,1,1,1
A03,281,5,2,2,2,0
A03,282,5,2,2,2,0
A03,283,5,2,0,0,0
A03,284,5,3,3,3,2
A03,285,5,2,2,2,2
A03,286,5,0,0,0,0
A03,287,5,2,2,2,1
A04,0,0,3,0,0,1
A04,1,0,3,0,0,3
A04,2,0,0,0,0,1
A04,3,0,3,0,0,3
A04,4,0,0,0,0,0
A04,5,0,0,0,0,3
A04,6,0,3,0,3,3
A04,7,0,3,1,0,3
A04,8,0,3,0,0,1
A04,9,0,1,1,0,1
A04,10,0,3,3,3,3
A04,11,0,0,0,0,3
A04,12,0,0,0,0,3
A04,13,0,1,3,3,3
A04,14,0,1,0,0,1
A04,15,0,1,0,0,1
A04,16,0,2,0,0,2
A04,17,0,0,3,2,3
A04,18,0,2,3,0,3
A04,19,0,1,0,0,1
A04,20,0,2,2,2,0
A04,21,0,1,2,2,1
A04,22,0,0,3,0,1
A04,23,0,2,3,0,1
A04,24,0,2,3,3,0
A04,25,0,0,0,0,3
A04,26,0,2,1,0,3
A04,27,0,1,1,1,1
A04,28,0,1,1,2,1
A04,29,0,3,0,0,3
A04,30,0,0,0,0,0
A04,31,0,2,0,0,2
A04,32,0,0,0,0,0
A04,33,0,2,2,0,3
A04,34,0,1,1,0,2
A04,35,0,3,3,2,1
A04,36,0,2,0,0,0
A04,37,0,1,0,0,1
A04,38,0,1,0,0,2
A04,39,0,2,0,0,3
A04,40,0,0,0,0,2
A04,41,0,0,0,0,2
A04,42,0,3,0,0,1
A04,43,0,2,1,1,3
A04,44,0,3,2,0,0
A04,45,0,1,1,0,1
A04,46,0,2,0,0,0
A04,47,0,3,1,0,1
A04,48,1,2,0,0,3
A04,49,1,1,0,0,3
A04,50,1,1,0,0,1
A04,51,1,0,0,0,3
A04,52,1,1,0,0,3
A04,53,1,3,3,0,3
A04,54,1,2,0,0,1
A04,55,1,0,3,0,3
A04,56,1,3,2,0,1
A04,57,1,0,0,0,3
A04,58,1,2,0,0,0
A04,59,1,3,2,0,3
A04,60,1,0,3,0,3
A04,61,1,1,0,0,1
A04,62,1,3,0,0,3
A04,63,1,2,3,0,2
A04,64,1,0,0,0,3
A04,65,1,0,1,0,3
A04,66,1,2,3,0,3
A04,67,1,3,2,0,2
A04,68,1,1,0,0,1
A04,69,1,0,0,0,0
A04,70,1,2,0,0,1
A04,71,1,0,0,0,3
A04,72,1,1,0,0,1
A04,73,1,1,0,0,3
A04,74,1,0,0,0,3
A04,75,1,0,3,0,3
A04,76,1,1,0,0,1
A04,77,1,3,3,0,3
A04,78,1,1,3,0,3
A04,79,1,2,3,0,3
A04,80,1,1,0,0,1
A04,81,1,3,1,0,3
A04,82,1,3,2,0,3
A04,83,1,3,3,0,1
A04,84,1,0,1,0,2
A04,85,1,2,3,0,2
A04,86,1,1,1,0,3
A04,87,1,2,3,0,3
A04,88,1,1,1,0,1
A04,89,1,3,3,0,3
A04,90,1,2,1,0,1
A04,91,1,3,0,0,2
A04,92,1,3,2,0,3
A04,93,1,2,0,0,2
A04,94,1,0,0,0,3
A04,95,1,2,1,0,2
A04,96,2,0,0,1,3
A04,97,2,1,0,1,1
A04,98,2,1,0,1,3
A04,99,2,0,0,1,0
A04,100,2,1,1,1,1
A04,101,2,0,0,1,1
A04,102,2,1,1,1,1
A04,103,2,2,0,0,3
A04,104,2,1,0,1,1
A04,105,2,3,0,1,3
A04,106,2,0,1,1,3
A04,107,2,2,2,0,1
A04,108,2,1,1,1,1
A04,109,2,0,0,0,3
A04,110,2,3,3,2,1
A04,111,2,3,2,1,3
A04,112,2,3,2,3,3
A04,113,2,3,1,0,3
A04,114,2,3,0,1,1
A04,115,2,0,0,1,3
A04,116,2,2,0,0,2
A04,117,2,1,2,0,1
A04,118,2,0,0,1,0
A04,119,2,0,0,0,2
A04,120,2,2,1,1,2
A04,121,2,3,3,3,3
A04,122,2,0,0,3,1
A04,123,2,2,2,1,0
A04,124,2,2,2,2,1
A04,125,2,2,2,3,3
A04,126,2,0,0,1,3
A04,127,2,1,1,1,2
A04,128,2,0,0,1,3
A04,129,2,1,1,1,1
A04,130,2,1,1,0,3
A04,131,2,0,0,1,1
A04,132,2,1,1,1,3
A04,133,2,2,1,0,3
A04,134,2,1,2,0,1
A04,135,2,2,3,0,2
A04,136,2,2,2,1,0
A04,137,2,3,2,3,3
A04,138,2,2,2,3,3
A04,139,2,2,1,1,2
A04,140,2,3,2,3,3
A04,141,2,3,3,3,1
A04,142,2,3,0,1,2
A04,143,2,3,0,0,3
A04,144,3,3,1,1,0
A04,145,3,2,3,2,0
A04,146,3,1,1,1,2
A04,147,3,0,1,2,2
A04,148,3,0,0,0,2
A04,149,3,1,1,1,1
A04,150,3,2,0,0,1
A04,151,3,3,1,1,3
A04,152,3,1,1,1,3
A04,153,3,2,2,0,2
A04,154,3,0,1,1,1
A04,155,3,0,0,2,3
A04,156,3,0,3,2,1
A04,157,3,3,0,0,2
A04,158,3,1,3,3,1
A04,159,3,1,3,1,3
A04,160,3,0,0,0,3
A04,161,3,0,2,0,3
A04,162,3,2,3,3,3
A04,163,3,0,0,3,0
A04,164,3,1,2,2,1
A04,165,3,3,3,2,3
A04,166,3,3,3,2,2
A04,167,3,2,3,3,0
A04,168,3,0,0,0,1
A04,169,3,3,3,0,1
A04,170,3,3,3,3,3
A04,171,3,1,2,2,3
A04,172,3,3,1,2,1
A04,173,3,3,2,3,3
A04,174,3,1,2,0,0
A04,175,3,0,1,1,1
A04,176,3,1,3,3,3
A04,177,3,2,3,3,2
A04,178,3,2,3,3,3
A04,179,3,2,3,1,1
A04,180,3,3,3,1,3
A04,181,3,2,3,0,2
A04,182,3,0,0,3,1
A04,183,3,3,1,1,1
A04,184,3,1,3,0,3
A04,185,3,2,3,0,2
A04,186,3,1,3,0,1
A04,187,3,2,3,3,2
A04,188,3,3,0,1,3
A04,189,3,1,1,1,3
A04,190,3,2,3,2,2
A04,191,3,0,1,1,0
A04,192,4,0,0,0,3
A04,193,4,0,0,0,0
A04,194,4,3,0,1,1
A04,195,4,1,0,0,3
A04,196,4,0,0,1,0
A04,197,4,2,0,0,3
A04,198,4,0,1,1,1
A04,199,4,2,3,2,3
A04,200,4,1,0,0,1
A04,201,4,3,0,0,1
A04,202,4,0,0,0,3
A04,203,4,2,3,3,3
A04,204,4,2,3,3,0
A04,205,4,0,0,0,0
A04,206,4,2,3,2,1
A04,207,4,1,0,0,1
A04,208,4,3,3,2,3
A04,209,4,3,2,2,0
A04,210,4,3,0,0,1
A04,211,4,2,0,0,3
A04,212,4,0,0,0,1
A04,213,4,3,2,3,0
A04,214,4,1,0,0,0
A04,215,4,3,3,3,3
A04,216,4,1,0,0,1
A04,217,4,0,0,0,0
A04,218,4,2,3,0,0
A04,219,4,1,0,1,0
A04,220,4,0,0,0,0
A04,221,4,2,1,0,0
A04,222,4,2,0,0,0
A04,223,4,0,0,0,1
A04,224,4,2,0,0,1
A04,225,4,3,3,3,1
A04,226,4,3,0,1,1
A04,227,4,1,0,1,1
A04,228,4,0,0,0,2
A04,229,4,1,1,1,1
A04,230,4,3,0,0,2
A04,231,4,1,0,0,1
A04,232,4,3,1,1,1
A04,233,4,2,1,3,1
A04,234,4,1,1,1,1
A04,235,4,1,1,1,1
A04,236,4,1,0,0,1
A04,237,4,2,3,3,1
A04,238,4,3,3,3,1
A04,239,4,0,1,0,1
A04,240,5,1,0,0,1
A04,241,5,3,2,3,0
A04,242,5,0,0,1,0
A04,243,5,2,2,1,3
A04,244,5,2,3,3,3
A04,245,5,3,2,0,0
A04,246,5,0,2,0,1
A04,247,5,0,0,0,2
A04,248,5,2,3,3,1
A04,249,5,1,0,0,1
A04,250,5,3,2,2,0
A04,251,5,3,2,1,1
A04,252,5,3,3,0,1
A04,253,5,1,0,0,1
A04,254,5,0,0,1,1
A04,255,5,2,3,1,1
A04,256,5,1,3,1,1
A04,257,5,3,3,3,1
A04,258,5,0,3,3,1
A04,259,5,3,3,3,1
A04,260,5,2,3,3,1
A04,261,5,1,1,1,2
A04,262,5,3,3,3,3
A04,263,5,3,3,3,1
A04,264,5,0,0,1,2
A04,265,5,1,0,0,2
A04,266,5,1,0,0,1
A04,267,5,2,3,3,3
A04,268,5,3,3,3,2
A04,269,5,1,2,1,1
A04,270,5,0,2,0,2
A04,271,5,0,0,0,2
A04,272,5,3,2,1,1
A04,273,5,1,2,0,1
A04,274,5,0,0,0,1
A04,275,5,2,2,0,3
A04,276,5,1,3,1,1
A04,277,5,1,0,0,1
A04,278,5,2,0,0,1
A04,279,5,0,3,1,0
A04,280,5,3,2,0,3
A04,281,5,2,3,3,3
A04,282,5,2,2,3,3
A04,283,5,2,0,0,0
A04,284,5,2,0,0,1
A04,285,5,0,3,0,1
A04,286,5,1,3,3,1
A04,287,5,0,1,1,1
A05,0,0,0,2,0,1
A05,1,0,1,2,0,0
A05,2,0,1,2,0,0
A05,3,0,0,2,0,0
A05,4,0,1,2,0,0
A05,5,0,0,2,0,0
A05,6,0,1,2,0,0
A05,7,0,2,2,0,0
A05,8,0,1,2,1,0
A05,9,0,3,2,0,0
A05,10,0,0,2,0,0
A05,11,0,2,2,0,0
A05,12,0,1,2,1,0
A05,13,0,0,2,0,0
A05,14,0,3,2,0,0
A05,15,0,3,2,2,0
A05,16,0,3,2,2,0
A05,17,0,3,2,0,0
A05,18,0,3,2,0,0
A05,19,0,0,2,0,0
A05,20,0,2,2,0,0
A05,21,0,1,2,0,0
A05,22,0,0,2,1,0
A05,23,0,0,2,2,0
A05,24,0,2,2,0,0
A05,25,0,3,2,3,0
A05,26,0,0,2,0,0
A05,27,0,2,2,1,0
A05,28,0,2,2,0,0
A05,29,0,2,2,0,0
A05,30,0,0,2,0,0
A05,31,0,1,2,0,0
A05,32,0,0,2,0,0
A05,33,0,1,2,1,0
A05,34,0,1,2,0,0
A05,35,0,0,2,0,0
A05,36,0,1,2,2,0
A05,37,0,2,2,0,0
A05,38,0,1,2,0,0
A05,39,0,2,2,0,0
A05,40,0,2,2,0,0
A05,41,0,3,2,0,0
A05,42,0,2,2,0,0
A05,43,0,2,2,0,0
A05,44,0,3,2,0,1
A05,45,0,3,2,0,0
A05,46,0,3,2,0,0
A05,47,0,3,2,0,0
A05,48,1,3,0,0,0
A05,49,1,2,2,0,0
A05,50,1,1,2,0,0
A05,51,1,0,3,0,0
A05,52,1,0,2,0,0
A05,53,1,1,3,0,0
A05,54,1,2,2,0,0
A05,55,1,3,0,0,0
A05,56,1,1,0,0,1
A05,57,1,2,0,0,0
A05,58,1,0,0,0,0
A05,59,1,0,1,0,0
A05,60,1,0,2,0,0
A05,61,1,3,3,0,0
A05,62,1,1,0,0,0
A05,63,1,1,1,0,0
A05,64,1,0,0,0,0
A05,65,1,0,1,0,0
A05,66,1,2,3,0,0
A05,67,1,0,1,0,0
A05,68,1,1,3,0,0
A05,69,1,3,0,0,0
A05,70,1,3,0,0,0
A05,71,1,2,1,0,0
A05,72,1,0,0,0,0
A05,73,1,3,2,0,0
A05,74,1,3,0,0,0
A05,75,1,1,0,0,0
A05,76,1,3,1,0,0
A05,77,1,3,2,0,0
A05,78,1,1,0,0,0
A05,79,1,0,2,0,0
A05,80,1,1,3,0,0
A05,81,1,2,2,0,0
A05,82,1,2,3,0,1
A05,83,1,2,0,0,0
A05,84,1,3,0,0,0
A05,85,1,2,0,0,0
A05,86,1,0,0,0,0
A05,87,1,3,0,0,0
A05,88,1,1,1,0,0
A05,89,1,2,1,0,0
A05,90,1,1,1,0,0
A05,91,1,2,2,0,0
A05,92,1,3,3,0,0
A05,93,1,1,1,0,0
A05,94,1,2,2,0,0
A05,95,1,0,0,0,0
A05,96,2,0,2,2,0
A05,97,2,0,0,0,0
A05,98,2,3,3,0,1
A05,99,2,1,1,1,0
A05,100,2,0,1,2,0
A05,101,2,2,1,1,1
A05,102,2,0,2,0,0
A05,103,2,2,2,2,0
A05,104,2,1,1,0,0
A05,105,2,3,2,3,0
A05,106,2,0,2,2,0
A05,107,2,2,2,2,0
A05,108,2,2,3,3,0
A05,109,2,0,0,0,0
A05,110,2,2,3,3,0
A05,111,2,1,1,1,0
A05,112,2,3,3,3,0
A05,113,2,3,3,0,0
A05,114,2,3,3,3,0
A05,115,2,2,1,0,0
A05,116,2,0,1,0,0
A05,117,2,3,2,2,0
A05,118,2,1,1,1,0
A05,119,2,3,2,2,0
A05,120,2,1,1,1,1
A05,121,2,0,0,0,0
A05,122,2,2,2,2,0
A05,123,2,1,1,1,1
A05,124,2,0,0,2,0
A05,125,2,2,2,2,1
A05,126,2,2,2,3,0
A05,127,2,0,3,2,0
A05,128,2,2,3,3,0
A05,129,2,3,3,3,0
A05,130,2,3,2,3,0
A05,131,2,1,1,1,0
A05,132,2,0,1,3,0
A05,133,2,1,1,0,0
A05,134,2,3,1,3,0
A05,135,2,1,1,1,0
A05,136,2,3,3,3,0
A05,137,2,2,3,2,0
A05,138,2,1,1,0,0
A05,139,2,1,0,0,0
A05,140,2,1,0,1,0
A05,141,2,2,3,2,0
A05,142,2,3,0,3,0
A05,143,2,0,1,2,0
A05,144,3,1,2,1,1
A05,145,3,3,2,2,0
A05,146,3,0,2,3,0
A05,147,3,2,2,3,0
A05,148,3,2,2,3,0
A05,149,3,3,2,3,0
A05,150,3,0,2,3,0
A05,151,3,0,2,3,0
A05,152,3,2,2,3,0
A05,153,3,1,2,0,1
A05,154,3,3,2,2,0
A05,155,3,3,2,2,0
A05,156,3,3,2,2,0
A05,157,3,1,2,1,0
A05,158,3,0,2,0,0
A05,159,3,2,2,2,0
A05,160,3,1,2,0,0
A05,161,3,3,2,2,0
A05,162,3,0,2,0,0
A05,163,3,3,2,0,0
A05,164,3,2,2,2,0
A05,165,3,1,2,1,0
A05,166,3,3,2,3,0
A05,167,3,3,2,3,0
A05,168,3,0,2,2,0
A05,169,3,1,2,1,0
A05,170,3,1,2,0,0
A05,171,3,2,2,1,0
A05,172,3,3,2,3,0
A05,173,3,1,2,2,0
A05,174,3,0,2,2,0
A05,175,3,0,2,3,0
A05,176,3,3,2,3,0
A05,177,3,1,2,3,0
A05,178,3,0,2,3,0
A05,179,3,2,2,2,0
A05,180,3,1,2,1,0
A05,181,3,1,2,0,0
A05,182,3,2,2,3,0
A05,183,3,0,2,0,0
A05,184,3,3,2,3,0
A05,185,3,2,2,2,0
A05,186,3,2,2,3,0
A05,187,3,2,2,2,0
A05,188,3,2,2,1,0
A05,189,3,0,2,0,0
A05,190,3,1,2,1,1
A05,191,3,0,2,1,0
A05,192,4,1,1,1,0
A05,193,4,0,0,0,0
A05,194,4,0,0,0,0
A05,195,4,2,2,2,0
A05,196,4,2,2,2,0
A05,197,4,1,1,1,0
A05,198,4,2,0,0,0
A05,199,4,3,2,2,0
A05,200,4,0,0,1,1
A05,201,4,3,3,0,0
A05,202,4,0,0,0,0
A05,203,4,0,3,2,0
A05,204,4,1,1,1,0
A05,205,4,3,0,3,0
A05,206,4,2,1,1,0
A05,207,4,1,1,1,0
A05,208,4,3,0,0,0
A05,209,4,2,1,0,0
A05,210,4,3,1,1,0
A05,211,4,2,0,1,0
A05,212,4,3,3,0,0
A05,213,4,1,1,0,0
A05,214,4,1,1,0,0
A05,215,4,3,3,3,0
A05,216,4,0,1,1,0
A05,217,4,1,1,1,0
A05,218,4,1,1,1,0
A05,219,4,1,1,0,0
A05,220,4,2,2,0,0
A05,221,4,3,3,2,0
A05,222,4,0,3,1,0
A05,223,4,3,1,0,0
A05,224,4,0,0,0,0
A05,225,4,2,2,2,1
A05,226,4,0,0,2,0
A05,227,4,3,3,3,0
A05,228,4,0,2,0,0
A05,229,4,2,3,3,0
A05,230,4,0,0,2,0
A05,231,4,1,1,1,0
A05,232,4,2,3,0,0
A05,233,4,2,0,0,1
A05,234,4,3,3,2,0
A05,235,4,0,1,1,0
A05,236,4,1,1,0,0
A05,237,4,3,3,2,0
A05,238,4,1,1,3,0
A05,239,4,2,2,2,0
A05,240,5,2,3,0,0
A05,241,5,0,0,1,0
A05,242,5,3,2,2,0
A05,243,5,1,3,0,0
A05,244,5,3,0,0,0
A05,245,5,0,3,0,0
A05,246,5,0,0,0,0
A05,247,5,2,0,3,0
A05,248,5,2,3,1,0
A05,249,5,1,3,3,0
A05,250,5,3,0,1,1
A05,251,5,1,3,3,0
A05,252,5,1,0,2,0
A05,253,5,0,3,0,0
A05,254,5,1,3,1,0
A05,255,5,3,3,0,1
A05,256,5,3,3,1,1
A05,257,5,1,0,0,0
A05,258,5,1,3,3,0
A05,259,5,1,3,0,0
A05,260,5,1,1,2,0
A05,261,5,3,3,3,1
A05,262,5,3,3,2,0
A05,263,5,2,3,0,0
A05,264,5,3,0,0,0
A05,265,5,0,3,2,0
A05,266,5,1,3,0,0
A05,267,5,2,2,2,0
A05,268,5,1,3,3,0
A05,269,5,0,0,0,0
A05,270,5,3,3,0,1
A05,271,5,0,3,2,0
A05,272,5,3,3,2,0
A05,273,5,0,0,3,1
A05,274,5,0,3,0,0
A05,275,5,0,3,3,0
A05,276,5,0,3,0,0
A05,277,5,2,3,2,0
A05,278,5,2,2,2,0
A05,279,5,3,0,0,0
A05,280,5,1,3,3,0
A05,281,5,2,3,2,0
A05,282,5,2,3,2,0
A05,283,5,2,3,0,0
A05,284,5,3,3,3,0
A05,285,5,2,2,2,0
A05,286,5,0,2,2,0
A05,287,5,2,0,2,0
A06,0,0,3,0,2,2
A06,1,0,1,0,0,2
A06,2,0,1,1,0,3
A06,3,0,0,0,0,2
A06,4,0,3,3,3,3
A06,5,0,3,0,0,3
A06,6,0,2,1,2,3
A06,7,0,1,1,3,2
A06,8,0,2,1,0,3
A06,9,0,0,0,0,2
A06,10,0,0,2,0,3
A06,11,0,1,1,1,3
A06,12,0,3,1,0,3
A06,13,0,3,3,3,3
A06,14,0,1,0,0,2
A06,15,0,3,2,2,3
A06,16,0,2,3,2,3
A06,17,0,2,1,3,2
A06,18,0,2,0,0,3
A06,19,0,0,0,0,2
A06,20,0,2,0,0,1
A06,21,0,0,3,2,3
A06,22,0,2,1,2,3
A06,23,0,2,1,1,2
A06,24,0,0,1,1,2
A06,25,0,0,3,0,2
A06,26,0,1,1,1,3
A06,27,0,1,1,2,2
A06,28,0,0,0,0,2
A06,29,0,2,2,2,3
A06,30,0,1,3,2,3
A06,31,0,3,2,2,3
A06,32,0,3,0,2,3
A06,33,0,0,3,3,2
A06,34,0,3,1,3,3
A06,35,0,0,3,0,2
A06,36,0,3,3,2,3
A06,37,0,1,1,1,3
A06,38,0,2,2,2,3
A06,39,0,3,2,2,3
A06,40,0,1,1,0,2
A06,41,0,2,3,0,3
A06,42,0,1,1,3,2
A06,43,0,2,1,0,3
A06,44,0,0,0,0,3
A06,45,0,1,1,1,2
A06,46,0,3,2,2,3
A06,47,0,0,0,0,2
A06,48,1,2,0,2,2
A06,49,1,0,0,0,2
A06,50,1,0,2,0,3
A06,51,1,3,3,1,3
A06,52,1,0,1,0,2
A06,53,1,3,3,0,3
A06,54,1,3,1,2,3
A06,55,1,1,1,0,2
A06,56,1,3,2,1,3
A06,57,1,1,1,3,2
A06,58,1,3,3,0,3
A06,59,1,2,1,0,3
A06,60,1,0,1,0,3
A06,61,1,1,1,2,3
A06,62,1,2,0,1,2
A06,63,1,0,0,0,2
A06,64,1,0,1,0,3
A06,65,1,3,0,2,3
A06,66,1,3,1,2,3
A06,67,1,1,1,2,2
A06,68,1,0,0,1,2
A06,69,1,2,2,1,3
A06,70,1,3,2,1,3
A06,71,1,3,2,1,3
A06,72,1,3,2,1,3
A06,73,1,2,3,0,2
A06,74,1,2,0,3,2
A06,75,1,2,2,0,3
A06,76,1,0,2,1,2
A06,77,1,1,2,1,3
A06,78,1,1,1,1,2
A06,79,1,1,0,2,3
A06,80,1,2,2,2,2
A06,81,1,2,2,0,2
A06,82,1,1,0,0,2
A06,83,1,2,1,0,2
A06,84,1,0,0,0,3
A06,85,1,2,2,0,3
A06,86,1,2,0,2,2
A06,87,1,1,1,0,2
A06,88,1,1,2,1,3
A06,89,1,0,0,2,2
A06,90,1,1,0,1,2
A06,91,1,0,0,0,2
A06,92,1,0,0,2,2
A06,93,1,3,3,1,2
A06,94,1,3,1,0,3
A06,95,1,1,1,2,3
A06,96,2,1,0,0,2
A06,97,2,3,0,0,0
A06,98,2,0,1,0,2
A06,99,2,3,2,3,3
A06,100,2,1,0,0,2
A06,101,2,3,2,3,3
A06,102,2,0,1,0,2
A06,103,2,1,1,1,2
A06,104,2,3,1,1,2
A06,105,2,3,3,3,3
A06,106,2,1,1,3,2
A06,107,2,2,3,2,3
A06,108,2,1,0,1,2
A06,109,2,0,0,0,2
A06,110,2,0,0,0,2
A06,111,2,1,0,3,3
A06,112,2,3,3,3,2
A06,113,2,0,0,0,2
A06,114,2,3,3,3,3
A06,115,2,1,0,0,3
A06,116,2,0,0,0,3
A06,117,2,2,3,3,3
A06,118,2,2,0,0,2
A06,119,2,0,1,0,3
A06,120,2,1,3,1,2
A06,121,2,3,2,0,3
A06,122,2,2,3,0,3
A06,123,2,2,0,1,3
A06,124,2,2,3,1,3
A06,125,2,2,2,2,2
A06,126,2,0,0,3,3
A06,127,2,2,0,1,2
A06,128,2,3,1,3,3
A06,129,2,2,2,2,3
A06,130,2,0,1,1,3
A06,131,2,2,3,1,3
A06,132,2,0,1,1,2
A06,133,2,3,3,0,2
A06,134,2,0,0,0,2
A06,135,2,1,3,0,3
A06,136,2,2,0,0,1
A06,137,2,1,0,1,2
A06,138,2,0,0,0,1
A06,139,2,1,1,3,2
A06,140,2,1,3,1,3
A06,141,2,3,0,0,2
A06,142,2,2,1,0,2
A06,143,2,3,3,1,2
A06,144,3,0,1,1,2
A06,145,3,0,1,1,2
A06,146,3,1,0,1,2
A06,147,3,3,3,0,3
A06,148,3,0,1,1,3
A06,149,3,3,3,2,3
A06,150,3,3,0,1,2
A06,151,3,3,0,3,2
A06,152,3,0,1,1,2
A06,153,3,2,1,1,2
A06,154,3,3,2,1,3
A06,155,3,3,3,2,3
A06,156,3,1,1,1,1
A06,157,3,1,1,1,2
A06,158,3,3,2,1,2
A06,159,3,0,0,1,2
A06,160,3,3,2,1,2
A06,161,3,2,2,2,3
A06,162,3,1,1,1,2
A06,163,3,2,2,0,2
A06,164,3,1,1,0,2
A06,165,3,3,3,1,3
A06,166,3,0,1,1,2
A06,167,3,0,1,1,3
A06,168,3,1,3,2,3
A06,169,3,2,1,2,3
A06,170,3,0,0,1,2
A06,171,3,3,3,3,3
A06,172,3,0,1,1,2
A06,173,3,2,2,1,3
A06,174,3,2,1,3,3
A06,175,3,2,1,1,3
A06,176,3,1,3,3,3
A06,177,3,1,1,2,2
A06,178,3,1,3,1,2
A06,179,3,2,1,1,2
A06,180,3,0,1,1,2
A06,181,3,1,1,1,2
A06,182,3,0,1,1,3
A06,183,3,3,2,1,2
A06,184,3,3,1,1,2
A06,185,3,2,2,2,3
A06,186,3,2,0,1,2
A06,187,3,1,0,1,2
A06,188,3,1,3,2,3
A06,189,3,0,1,0,2
A06,190,3,2,0,1,2
A06,191,3,2,1,1,2
A06,192,4,3,0,0,3
A06,193,4,0,0,1,2
A06,194,4,2,0,1,3
A06,195,4,3,0,1,3
A06,196,4,1,0,0,3
A06,197,4,1,0,0,3
A06,198,4,2,0,1,2
A06,199,4,2,0,1,3
A06,200,4,0,0,0,2
A06,201,4,0,0,1,3
A06,202,4,1,1,1,2
A06,203,4,1,0,1,2
A06,204,4,0,0,0,3
A06,205,4,3,3,1,3
A06,206,4,0,0,0,2
A06,207,4,1,0,1,1
A06,208,4,2,0,1,3
A06,209,4,0,0,1,3
A06,210,4,3,0,1,2
A06,211,4,1,0,0,3
A06,212,4,1,0,1,2
A06,213,4,1,0,1,2
A06,214,4,0,0,0,2
A06,215,4,1,0,1,2
A06,216,4,1,3,1,3
A06,217,4,0,0,1,3
A06,218,4,3,0,0,3
A06,219,4,3,0,0,3
A06,220,4,3,0,1,3
A06,221,4,0,1,2,2
A06,222,4,0,3,1,2
A06,223,4,2,1,2,3
A06,224,4,3,0,0,3
A06,225,4,3,0,1,2
A06,226,4,2,0,3,3
A06,227,4,1,0,1,3
A06,228,4,2,0,0,2
A06,229,4,3,0,1,3
A06,230,4,3,0,1,0
A06,231,4,0,0,1,3
A06,232,4,2,0,1,2
A06,233,4,2,0,1,2
A06,234,4,2,0,1,2
A06,235,4,2,0,1,3
A06,236,4,0,0,1,2
A06,237,4,2,0,1,3
A06,238,4,1,0,0,1
A06,239,4,3,1,1,2
A06,240,5,0,0,0,0
A06,241,5,0,0,0,2
A06,242,5,2,3,2,2
A06,243,5,2,1,3,3
A06,244,5,0,3,3,3
A06,245,5,2,2,2,3
A06,246,5,2,2,2,3
A06,247,5,3,3,3,3
A06,248,5,1,3,3,2
A06,249,5,1,0,0,3
A06,250,5,3,3,0,2
A06,251,5,1,2,1,3
A06,252,5,2,3,3,3
A06,253,5,3,3,3,3
A06,254,5,2,2,0,3
A06,255,5,1,1,0,2
A06,256,5,0,3,1,2
A06,257,5,1,1,2,2
A06,258,5,3,3,3,3
A06,259,5,0,0,0,2
A06,260,5,2,3,3,3
A06,261,5,1,0,1,2
A06,262,5,2,3,3,2
A06,263,5,3,3,3,2
A06,264,5,0,2,2,2
A06,265,5,0,2,2,3
A06,266,5,1,0,1,3
A06,267,5,3,3,3,3
A06,268,5,0,1,1,2
A06,269,5,3,1,1,3
A06,270,5,1,0,1,2
A06,271,5,1,0,3,3
A06,272,5,2,1,2,3
A06,273,5,2,1,1,2
A06,274,5,3,3,3,3
A06,275,5,3,2,2,3
A06,276,5,2,0,2,2
A06,277,5,0,0,1,1
A06,278,5,0,1,1,2
A06,279,5,1,1,1,2
A06,280,5,0,3,2,1
A06,281,5,3,0,0,3
A06,282,5,1,0,0,3
A06,283,5,3,2,2,2
A06,284,5,3,0,1,3
A06,285,5,0,1,1,2
A06,286,5,1,2,1,3
A06,287,5,2,2,2,3
A07,0,0,0,0,0,0
A07,1,0,1,0,1,2
A07,2,0,1,1,1,2
A07,3,0,0,0,0,0
A07,4,0,1,1,1,2
A07,5,0,0,1,0,0
A07,6,0,1,1,0,1
A07,7,0,2,2,2,2
A07,8,0,1,1,0,2
A07,9,0,3,3,3,1
A07,10,0,0,3,0,0
A07,11,0,2,2,2,2
A07,12,0,1,0,1,1
A07,13,0,0,1,0,2
A07,14,0,3,3,2,0
A07,15,0,3,3,2,2
A07,16,0,3,2,2,1
A07,17,0,3,2,3,1
A07,18,0,3,2,2,0
A07,19,0,0,0,1,2
A07,20,0,2,2,2,0
A07,21,0,1,1,0,2
A07,22,0,0,0,1,0
A07,23,0,0,0,0,0
A07,24,0,2,2,2,2
A07,25,0,3,3,2,1
A07,26,0,0,0,0,2
A07,27,0,2,2,2,2
A07,28,0,2,2,2,0
A07,29,0,2,2,2,3
A07,30,0,0,0,0,2
A07,31,0,1,1,0,0
A07,32,0,0,1,1,0
A07,33,0,1,0,0,1
A07,34,0,1,0,1,1
A07,35,0,0,0,0,2
A07,36,0,1,1,1,2
A07,37,0,2,2,2,2
A07,38,0,1,1,0,1
A07,39,0,2,2,2,2
A07,40,0,2,2,2,1
A07,41,0,3,3,3,2
A07,42,0,2,3,2,2
A07,43,0,2,2,2,2
A07,44,0,3,3,3,0
A07,45,0,3,3,3,3
A07,46,0,3,3,3,2
A07,47,0,3,3,3,2
A07,48,1,3,0,1,0
A07,49,1,2,2,1,1
A07,50,1,1,1,0,1
A07,51,1,0,0,1,2
A07,52,1,0,1,1,2
A07,53,1,1,1,1,0
A07,54,1,2,2,2,2
A07,55,1,3,3,3,1
A07,56,1,1,1,1,2
A07,57,1,2,2,2,2
A07,58,1,0,0,1,2
A07,59,1,0,0,1,2
A07,60,1,0,0,0,2
A07,61,1,3,3,3,2
A07,62,1,1,0,0,2
A07,63,1,1,0,1,2
A07,64,1,0,0,1,2
A07,65,1,0,0,0,0
A07,66,1,2,2,1,0
A07,67,1,0,1,0,2
A07,68,1,1,1,1,0
A07,69,1,3,3,3,2
A07,70,1,3,3,3,1
A07,71,1,2,3,2,0
A07,72,1,0,0,0,2
A07,73,1,3,3,3,1
A07,74,1,3,3,3,2
A07,75,1,1,1,1,2
A07,76,1,3,3,3,2
A07,77,1,3,3,3,0
A07,78,1,1,0,1,2
A07,79,1,0,1,1,0
A07,80,1,1,0,1,2
A07,81,1,2,2,2,2
A07,82,1,2,2,1,0
A07,83,1,2,2,2,2
A07,84,1,3,2,3,0
A07,85,1,2,2,2,1
A07,86,1,0,1,1,2
A07,87,1,3,3,3,2
A07,88,1,1,1,0,0
A07,89,1,2,3,2,0
A07,90,1,1,0,0,2
A07,91,1,2,2,2,1
A07,92,1,3,3,3,2
A07,93,1,1,1,1,1
A07,94,1,2,2,2,2
A07,95,1,0,1,0,0
A07,96,2,0,1,1,2
A07,97,2,0,1,1,2
A07,98,2,3,3,3,2
A07,99,2,1,1,1,1
A07,100,2,0,1,0,1
A07,101,2,2,2,2,1
A07,102,2,0,1,1,2
A07,103,2,2,2,2,2
A07,104,2,1,0,0,0
A07,105,2,3,3,3,2
A07,106,2,0,1,0,2
A07,107,2,2,2,2,1
A07,108,2,2,2,2,1
A07,109,2,0,0,0,2
A07,110,2,2,2,2,0
A07,111,2,1,0,1,0
A07,112,2,3,2,2,2
A07,113,2,3,3,3,2
A07,114,2,3,3,3,2
A07,115,2,2,2,2,1
A07,116,2,0,0,0,2
A07,117,2,3,3,3,2
A07,118,2,1,1,0,1
A07,119,2,3,3,3,0
A07,120,2,1,0,1,1
A07,121,2,0,0,0,2
A07,122,2,2,2,2,1
A07,123,2,1,1,1,1
A07,124,2,0,0,1,2
A07,125,2,2,2,2,1
A07,126,2,2,3,3,1
A07,127,2,0,0,0,2
A07,128,2,2,2,3,1
A07,129,2,3,3,3,0
A07,130,2,3,3,3,3
A07,131,2,1,1,1,2
A07,132,2,0,0,1,0
A07,133,2,1,1,0,1
A07,134,2,3,3,3,3
A07,135,2,1,0,0,2
A07,136,2,3,3,3,0
A07,137,2,2,2,2,2
A07,138,2,1,1,1,1
A07,139,2,1,0,0,1
A07,140,2,1,0,1,0
A07,141,2,2,3,2,2
A07,142,2,3,3,3,2
A07,143,2,0,1,0,2
A07,144,3,1,0,0,0
A07,145,3,3,2,3,2
A07,146,3,0,0,0,2
A07,147,3,2,3,2,1
A07,148,3,2,2,2,2
A07,149,3,3,3,3,2
A07,150,3,0,1,0,2
A07,151,3,0,0,1,0
A07,152,3,2,2,2,2
A07,153,3,1,1,1,0
A07,154,3,3,3,3,0
A07,155,3,3,3,3,2
A07,156,3,3,3,3,0
A07,157,3,1,3,3,1
A07,158,3,0,3,3,1
A07,159,3,2,2,0,2
A07,160,3,1,0,0,2
A07,161,3,3,3,3,2
A07,162,3,0,1,0,1
A07,163,3,3,3,3,3
A07,164,3,2,3,2,1
A07,165,3,1,3,1,1
A07,166,3,3,3,3,3
A07,167,3,3,2,2,0
A07,168,3,0,0,0,0
A07,169,3,1,1,1,2
A07,170,3,1,1,1,1
A07,171,3,2,2,2,2
A07,172,3,3,2,3,2
A07,173,3,1,1,1,1
A07,174,3,0,1,0,2
A07,175,3,0,0,0,0
A07,176,3,3,3,3,2
A07,177,3,1,1,1,0
A07,178,3,0,0,0,1
A07,179,3,2,3,2,2
A07,180,3,1,1,1,1
A07,181,3,1,1,1,0
A07,182,3,2,2,2,2
A07,183,3,0,0,0,0
A07,184,3,3,3,3,2
A07,185,3,2,2,2,0
A07,186,3,2,1,2,0
A07,187,3,2,3,2,1
A07,188,3,2,2,2,1
A07,189,3,0,1,0,1
A07,190,3,1,1,1,1
A07,191,3,0,0,0,0
A07,192,4,1,0,0,2
A07,193,4,0,0,0,1
A07,194,4,0,0,0,2
A07,195,4,2,2,0,1
A07,196,4,2,3,0,0
A07,197,4,1,0,0,1
A07,198,4,2,2,0,2
A07,199,4,3,3,0,2
A07,200,4,0,0,0,0
A07,201,4,3,3,0,0
A07,202,4,0,0,0,1
A07,203,4,0,0,0,1
A07,204,4,1,0,0,2
A07,205,4,3,2,0,2
A07,206,4,2,2,0,2
A07,207,4,1,0,0,2
A07,208,4,3,3,0,0
A07,209,4,2,2,0,2
A07,210,4,3,2,0,2
A07,211,4,2,2,0,0
A07,212,4,3,3,0,1
A07,213,4,1,1,0,2
A07,214,4,1,1,0,3
A07,215,4,3,2,0,2
A07,216,4,0,1,0,1
A07,217,4,1,1,0,0
A07,218,4,1,1,0,0
A07,219,4,1,0,0,2
A07,220,4,2,2,0,0
A07,221,4,3,2,0,2
A07,222,4,0,0,0,0
A07,223,4,3,3,0,2
A07,224,4,0,0,0,0
A07,225,4,2,2,0,1
A07,226,4,0,0,0,0
A07,227,4,3,2,0,2
A07,228,4,0,0,0,0
A07,229,4,2,2,0,0
A07,230,4,0,1,0,0
A07,231,4,1,1,0,2
A07,232,4,2,2,0,0
A07,233,4,2,2,0,2
A07,234,4,3,3,0,2
A07,235,4,0,1,0,2
A07,236,4,1,1,0,1
A07,237,4,3,3,0,2
A07,238,4,1,0,0,1
A07,239,4,2,3,0,2
A07,240,5,2,2,2,1
A07,241,5,0,0,0,0
A07,242,5,3,3,3,1
A07,243,5,1,0,0,2
A07,244,5,3,3,3,2
A07,245,5,0,0,0,2
A07,246,5,0,1,1,2
A07,247,5,2,3,3,1
A07,248,5,2,2,2,2
A07,249,5,1,0,1,0
A07,250,5,3,3,3,0
A07,251,5,1,1,1,2
A07,252,5,1,0,0,1
A07,253,5,0,0,0,2
A07,254,5,1,1,1,0
A07,255,5,3,2,2,1
A07,256,5,3,3,3,2
A07,257,5,1,0,1,1
A07,258,5,1,1,0,1
A07,259,5,1,0,0,1
A07,260,5,1,0,1,1
A07,261,5,3,3,3,0
A07,262,5,3,1,3,2
A07,263,5,2,2,2,2
A07,264,5,3,2,3,0
A07,265,5,0,1,1,2
A07,266,5,1,1,1,2
A07,267,5,2,2,2,0
A07,268,5,1,1,1,2
A07,269,5,0,0,0,1
A07,270,5,3,3,3,2
A07,271,5,0,1,1,1
A07,272,5,3,2,1,1
A07,273,5,0,0,0,2
A07,274,5,0,0,0,1
A07,275,5,0,0,0,1
A07,276,5,0,0,0,1
A07,277,5,2,2,2,1
A07,278,5,2,2,3,0
A07,279,5,3,3,3,2
A07,280,5,1,1,1,0
A07,281,5,2,2,2,2
A07,282,5,2,3,3,1
A07,283,5,2,2,2,2
A07,284,5,3,3,3,2
A07,285,5,2,3,3,1
A07,286,5,0,1,0,1
A07,287,5,2,3,2,2
A08,0,0,0,0,0,0
A08,1,0,1,1,1,1
A08,2,0,1,1,1,1
A08,3,0,0,0,0,0
A08,4,0,1,1,1,1
A08,5,0,0,0,0,2
A08,6,0,1,1,1,1
A08,7,0,2,2,2,2
A08,8,0,1,1,1,1
A08,9,0,3,3,3,2
A08,10,0,0,0,0,1
A08,11,0,2,2,2,2
A08,12,0,1,1,1,1
A08,13,0,0,0,0,0
A08,14,0,3,3,3,2
A08,15,0,3,3,3,1
A08,16,0,3,3,3,1
A08,17,0,3,3,3,3
A08,18,0,3,1,3,1
A08,19,0,0,0,0,0
A08,20,0,2,2,2,3
A08,21,0,1,1,1,1
A08,22,0,0,0,0,0
A08,23,0,0,0,0,0
A08,24,0,2,2,2,2
A08,25,0,3,3,3,3
A08,26,0,0,0,0,0
A08,27,0,2,2,2,1
A08,28,0,2,2,2,1
A08,29,0,2,2,2,1
A08,30,0,0,0,0,0
A08,31,0,1,1,1,1
A08,32,0,0,0,0,0
A08,33,0,1,1,1,1
A08,34,0,1,1,1,1
A08,35,0,0,0,0,0
A08,36,0,1,1,1,1
A08,37,0,2,2,3,2
A08,38,0,1,1,1,1
A08,39,0,2,2,2,1
A08,40,0,2,2,2,1
A08,41,0,3,3,3,3
A08,42,0,2,2,2,1
A08,43,0,2,0,1,1
A08,44,0,3,3,3,2
A08,45,0,3,0,0,1
A08,46,0,3,3,3,1
A08,47,0,3,2,3,3
A08,48,1,3,2,2,3
A08,49,1,2,1,2,2
A08,50,1,1,1,1,1
A08,51,1,0,0,0,0
A08,52,1,0,0,0,0
A08,53,1,1,1,1,1
A08,54,1,2,2,2,2
A08,55,1,3,3,3,1
A08,56,1,1,1,1,1
A08,57,1,2,2,2,1
A08,58,1,0,0,0,0
A08,59,1,0,0,0,0
A08,60,1,0,0,0,0
A08,61,1,3,3,3,1
A08,62,1,1,1,1,1
A08,63,1,1,1,1,1
A08,64,1,0,0,0,0
A08,65,1,0,0,0,0
A08,66,1,2,1,2,1
A08,67,1,0,0,2,3
A08,68,1,1,1,1,1
A08,69,1,3,3,3,3
A08,70,1,3,3,3,3
A08,71,1,2,0,2,1
A08,72,1,0,0,0,3
A08,73,1,3,3,3,1
A08,74,1,3,3,3,1
A08,75,1,1,1,1,1
A08,76,1,3,3,3,1
A08,77,1,3,3,3,3
A08,78,1,1,1,1,1
A08,79,1,0,0,0,3
A08,80,1,1,1,1,1
A08,81,1,2,2,2,2
A08,82,1,2,2,2,1
A08,83,1,2,2,2,1
A08,84,1,3,3,3,1
A08,85,1,2,2,2,2
A08,86,1,0,0,0,0
A08,87,1,3,3,3,3
A08,88,1,1,1,1,1
A08,89,1,2,3,3,2
A08,90,1,1,1,1,1
A08,91,1,2,2,0,0
A08,92,1,3,3,3,3
A08,93,1,1,1,1,1
A08,94,1,2,1,2,2
A08,95,1,0,0,0,0
A08,96,2,0,2,2,0
A08,97,2,0,0,0,0
A08,98,2,3,3,3,3
A08,99,2,1,1,1,1
A08,100,2,0,0,0,0
A08,101,2,2,2,2,0
A08,102,2,0,2,2,0
A08,103,2,2,2,2,1
A08,104,2,1,1,1,1
A08,105,2,3,3,3,3
A08,106,2,0,0,0,3
A08,107,2,2,1,1,1
A08,108,2,2,1,1,1
A08,109,2,0,0,0,0
A08,110,2,2,2,2,2
A08,111,2,1,1,1,1
A08,112,2,3,3,3,3
A08,113,2,3,3,3,3
A08,114,2,3,3,3,1
A08,115,2,2,2,2,2
A08,116,2,0,0,0,0
A08,117,2,3,3,3,3
A08,118,2,1,3,3,1
A08,119,2,3,3,3,3
A08,120,2,1,1,1,1
A08,121,2,0,0,0,0
A08,122,2,2,2,2,1
A08,123,2,1,3,3,1
A08,124,2,0,0,0,0
A08,125,2,2,2,2,1
A08,126,2,2,1,2,1
A08,127,2,0,2,0,3
A08,128,2,2,2,2,2
A08,129,2,3,0,0,1
A08,130,2,3,2,2,2
A08,131,2,1,1,1,1
A08,132,2,0,0,2,0
A08,133,2,1,1,1,1
A08,134,2,3,3,3,1
A08,135,2,1,1,1,1
A08,136,2,3,3,3,3
A08,137,2,2,2,2,1
A08,138,2,1,1,1,1
A08,139,2,1,3,3,3
A08,140,2,1,1,1,3
A08,141,2,2,2,2,2
A08,142,2,3,3,3,1
A08,143,2,0,0,0,0
A08,144,3,1,1,1,1
A08,145,3,3,3,3,3
A08,146,3,0,0,0,0
A08,147,3,2,0,0,2
A08,148,3,2,2,2,2
A08,149,3,3,2,2,1
A08,150,3,0,0,0,0
A08,151,3,0,0,0,3
A08,152,3,2,2,1,1
A08,153,3,1,1,1,1
A08,154,3,3,3,3,3
A08,155,3,3,3,3,1
A08,156,3,3,3,3,1
A08,157,3,1,1,1,1
A08,158,3,0,0,0,0
A08,159,3,2,2,2,1
A08,160,3,1,3,3,1
A08,161,3,3,3,3,3
A08,162,3,0,0,0,0
A08,163,3,3,3,3,3
A08,164,3,2,2,2,1
A08,165,3,1,1,1,1
A08,166,3,3,3,1,0
A08,167,3,3,3,3,3
A08,168,3,0,0,0,0
A08,169,3,1,1,1,1
A08,170,3,1,1,1,1
A08,171,3,2,2,2,1
A08,172,3,3,3,3,3
A08,173,3,1,1,1,1
A08,174,3,0,0,0,0
A08,175,3,0,2,1,1
A08,176,3,3,3,3,3
A08,177,3,1,1,1,1
A08,178,3,0,0,0,0
A08,179,3,2,2,2,2
A08,180,3,1,1,1,1
A08,181,3,1,1,1,1
A08,182,3,2,2,2,3
A08,183,3,0,0,0,0
A08,184,3,3,3,3,3
A08,185,3,2,2,2,2
A08,186,3,2,0,3,3
A08,187,3,2,2,2,1
A08,188,3,2,2,2,3
A08,189,3,0,0,0,0
A08,190,3,1,2,1,1
A08,191,3,0,0,0,2
A08,192,4,1,1,3,1
A08,193,4,0,0,0,0
A08,194,4,0,0,0,0
A08,195,4,2,2,2,1
A08,196,4,2,2,2,1
A08,197,4,1,1,1,1
A08,198,4,2,0,0,0
A08,199,4,3,3,3,1
A08,200,4,0,0,0,0
A08,201,4,3,3,3,3
A08,202,4,0,0,0,0
A08,203,4,0,3,0,1
A08,204,4,1,2,2,1
A08,205,4,3,3,3,3
A08,206,4,2,2,2,2
A08,207,4,1,1,0,1
A08,208,4,3,3,3,3
A08,209,4,2,2,2,1
A08,210,4,3,3,3,1
A08,211,4,2,2,2,1
A08,212,4,3,3,3,3
A08,213,4,1,0,0,1
A08,214,4,1,0,0,3
A08,215,4,3,3,3,3
A08,216,4,0,0,0,1
A08,217,4,1,2,2,1
A08,218,4,1,2,1,1
A08,219,4,1,1,1,1
A08,220,4,2,2,2,1
A08,221,4,3,3,3,1
A08,222,4,0,0,0,1
A08,223,4,3,3,3,3
A08,224,4,0,0,0,1
A08,225,4,2,2,2,2
A08,226,4,0,3,3,3
A08,227,4,3,3,3,3
A08,228,4,0,0,0,0
A08,229,4,2,2,2,2
A08,230,4,0,3,0,1
A08,231,4,1,1,1,1
A08,232,4,2,0,2,0
A08,233,4,2,2,2,2
A08,234,4,3,3,3,3
A08,235,4,0,0,0,0
A08,236,4,1,1,2,1
A08,237,4,3,3,3,3
A08,238,4,1,2,2,1
A08,239,4,2,2,2,2
A08,240,5,2,2,2,2
A08,241,5,0,0,0,0
A08,242,5,3,3,3,3
A08,243,5,1,1,1,1
A08,244,5,3,2,3,3
A08,245,5,0,0,0,0
A08,246,5,0,1,2,1
A08,247,5,2,3,3,3
A08,248,5,2,2,2,1
A08,249,5,1,1,1,1
A08,250,5,3,2,2,1
A08,251,5,1,2,2,1
A08,252,5,1,1,1,1
A08,253,5,0,0,0,0
A08,254,5,1,2,1,1
A08,255,5,3,3,3,3
A08,256,5,3,3,3,3
A08,257,5,1,1,1,1
A08,258,5,1,3,3,1
A08,259,5,1,1,1,1
A08,260,5,1,1,1,1
A08,261,5,3,3,3,1
A08,262,5,3,2,3,1
A08,263,5,2,1,2,1
A08,264,5,3,3,3,3
A08,265,5,0,0,0,0
A08,266,5,1,1,1,1
A08,267,5,2,2,2,2
A08,268,5,1,1,3,1
A08,269,5,0,0,0,1
A08,270,5,3,3,3,1
A08,271,5,0,2,2,0
A08,272,5,3,3,3,1
A08,273,5,0,3,3,3
A08,274,5,0,1,1,1
A08,275,5,0,0,0,3
A08,276,5,0,0,3,1
A08,277,5,2,2,2,1
A08,278,5,2,0,0,3
A08,279,5,3,3,3,3
A08,280,5,1,1,1,1
A08,281,5,2,2,2,2
A08,282,5,2,2,0,0
A08,283,5,2,2,2,1
A08,284,5,3,3,3,3
A08,285,5,2,0,0,1
A08,286,5,0,3,3,0
A08,287,5,2,3,3,1
A09,0,0,3,3,1,3
A09,1,0,1,0,0,1
A09,2,0,1,0,0,0
A09,3,0,0,0,0,1
A09,4,0,3,3,3,3
A09,5,0,3,1,1,3
A09,6,0,2,1,1,1
A09,7,0,1,1,1,0
A09,8,0,2,0,0,3
A09,9,0,0,0,0,0
A09,10,0,0,0,0,0
A09,11,0,1,1,1,1
A09,12,0,3,3,3,3
A09,13,0,3,2,1,3
A09,14,0,1,1,1,1
A09,15,0,3,1,1,3
A09,16,0,2,2,2,3
A09,17,0,2,0,0,0
A09,18,0,2,2,2,2
A09,19,0,0,0,0,0
A09,20,0,2,2,2,0
A09,21,0,0,0,0,0
A09,22,0,2,2,2,2
A09,23,0,2,2,2,3
A09,24,0,0,0,0,0
A09,25,0,0,0,0,0
A09,26,0,1,1,1,1
A09,27,0,1,1,1,1
A09,28,0,0,0,0,0
A09,29,0,2,1,2,3
A09,30,0,1,1,1,1
A09,31,0,3,2,1,3
A09,32,0,3,3,3,3
A09,33,0,0,0,0,0
A09,34,0,3,3,3,3
A09,35,0,0,0,0,3
A09,36,0,3,2,1,3
A09,37,0,1,1,1,3
A09,38,0,2,2,2,1
A09,39,0,3,3,1,3
A09,40,0,1,1,1,1
A09,41,0,2,2,2,3
A09,42,0,1,1,1,1
A09,43,0,2,0,0,3
A09,44,0,0,1,0,1
A09,45,0,1,1,1,1
A09,46,0,3,3,3,3
A09,47,0,0,0,0,0
A09,48,1,2,0,2,2
A09,49,1,0,0,0,3
A09,50,1,0,0,0,0
A09,51,1,3,3,3,3
A09,52,1,0,0,0,0
A09,53,1,3,3,3,3
A09,54,1,3,3,3,3
A09,55,1,1,1,1,1
A09,56,1,3,3,3,3
A09,57,1,1,1,1,1
A09,58,1,3,3,3,3
A09,59,1,2,2,2,3
A09,60,1,0,0,0,0
A09,61,1,1,1,1,1
A09,62,1,2,2,2,3
A09,63,1,0,0,0,1
A09,64,1,0,0,0,0
A09,65,1,3,3,3,3
A09,66,1,3,3,3,3
A09,67,1,1,1,0,1
A09,68,1,0,0,0,0
A09,69,1,2,1,2,3
A09,70,1,3,3,3,1
A09,71,1,3,3,3,3
A09,72,1,3,3,3,3
A09,73,1,2,2,2,3
A09,74,1,2,2,2,3
A09,75,1,2,2,2,3
A09,76,1,0,0,0,1
A09,77,1,1,1,1,3
A09,78,1,1,1,1,3
A09,79,1,1,1,1,3
A09,80,1,2,1,1,3
A09,81,1,2,1,3,3
A09,82,1,1,1,1,3
A09,83,1,2,2,2,3
A09,84,1,0,0,0,0
A09,85,1,2,2,2,3
A09,86,1,2,2,2,3
A09,87,1,1,1,1,1
A09,88,1,1,1,1,3
A09,89,1,0,0,0,0
A09,90,1,1,1,2,3
A09,91,1,0,0,0,0
A09,92,1,0,0,0,3
A09,93,1,3,2,2,3
A09,94,1,3,3,3,3
A09,95,1,1,1,1,0
A09,96,2,1,1,1,1
A09,97,2,3,3,3,3
A09,98,2,0,0,0,0
A09,99,2,3,3,3,3
A09,100,2,1,1,1,1
A09,101,2,3,3,3,3
A09,102,2,0,0,0,3
A09,103,2,1,1,1,3
A09,104,2,3,3,3,3
A09,105,2,3,3,3,3
A09,106,2,1,1,1,3
A09,107,2,2,0,2,3
A09,108,2,1,1,1,3
A09,109,2,0,0,0,0
A09,110,2,0,0,0,3
A09,111,2,1,1,1,3
A09,112,2,3,3,3,3
A09,113,2,0,0,0,0
A09,114,2,3,3,3,3
A09,115,2,1,1,1,3
A09,116,2,0,0,0,0
A09,117,2,2,2,2,2
A09,118,2,2,2,2,3
A09,119,2,0,0,0,0
A09,120,2,1,1,1,1
A09,121,2,3,3,3,3
A09,122,2,2,2,2,2
A09,123,2,2,3,1,3
A09,124,2,2,2,2,2
A09,125,2,2,2,2,3
A09,126,2,0,0,0,0
A09,127,2,2,2,2,3
A09,128,2,3,0,0,0
A09,129,2,2,3,1,3
A09,130,2,0,0,0,0
A09,131,2,2,0,0,3
A09,132,2,0,0,0,0
A09,133,2,3,3,3,3
A09,134,2,0,0,0,0
A09,135,2,1,1,1,1
A09,136,2,2,2,2,3
A09,137,2,1,1,1,3
A09,138,2,0,0,0,0
A09,139,2,1,1,1,3
A09,140,2,1,1,1,3
A09,141,2,3,3,3,3
A09,142,2,2,2,2,3
A09,143,2,3,3,3,3
A09,144,3,0,0,0,0
A09,145,3,0,0,0,0
A09,146,3,1,1,2,3
A09,147,3,3,3,3,3
A09,148,3,0,0,0,0
A09,149,3,3,3,3,3
A09,150,3,3,3,3,3
A09,151,3,3,2,2,3
A09,152,3,0,0,0,0
A09,153,3,2,2,2,2
A09,154,3,3,2,2,3
A09,155,3,3,3,3,3
A09,156,3,1,1,1,1
A09,157,3,1,1,1,1
A09,158,3,3,2,3,3
A09,159,3,0,0,0,0
A09,160,3,3,3,3,3
A09,161,3,2,2,2,2
A09,162,3,1,1,1,3
A09,163,3,2,2,2,2
A09,164,3,1,1,1,3
A09,165,3,3,3,3,3
A09,166,3,0,0,0,0
A09,167,3,0,0,0,0
A09,168,3,1,2,1,3
A09,169,3,2,2,2,3
A09,170,3,0,0,0,0
A09,171,3,3,2,2,3
A09,172,3,0,0,0,0
A09,173,3,2,2,2,2
A09,174,3,2,2,2,3
A09,175,3,2,2,2,3
A09,176,3,1,3,3,3
A09,177,3,1,1,1,3
A09,178,3,1,1,1,3
A09,179,3,2,2,2,3
A09,180,3,0,0,0,0
A09,181,3,1,1,1,3
A09,182,3,0,0,0,0
A09,183,3,3,3,3,3
A09,184,3,3,3,3,3
A09,185,3,2,2,1,3
A09,186,3,2,2,2,3
A09,187,3,1,1,1,3
A09,188,3,1,1,1,1
A09,189,3,0,0,0,0
A09,190,3,2,2,2,2
A09,191,3,2,2,2,3
A09,192,4,3,3,3,3
A09,193,4,0,0,0,0
A09,194,4,2,2,2,2
A09,195,4,3,3,3,3
A09,196,4,1,1,1,3
A09,197,4,1,2,1,3
A09,198,4,2,2,3,3
A09,199,4,2,2,3,3
A09,200,4,0,2,2,2
A09,201,4,0,0,0,2
A09,202,4,1,1,1,1
A09,203,4,1,2,2,1
A09,204,4,0,2,2,1
A09,205,4,3,3,3,3
A09,206,4,0,0,0,0
A09,207,4,1,1,1,1
A09,208,4,2,2,2,2
A09,209,4,0,0,0,0
A09,210,4,3,3,3,3
A09,211,4,1,1,1,3
A09,212,4,1,1,1,1
A09,213,4,1,1,1,1
A09,214,4,0,0,0,3
A09,215,4,1,1,1,3
A09,216,4,1,1,1,1
A09,217,4,0,0,0,0
A09,218,4,3,3,3,3
A09,219,4,3,1,3,3
A09,220,4,3,3,3,3
A09,221,4,0,0,0,0
A09,222,4,0,0,0,0
A09,223,4,2,2,2,3
A09,224,4,3,3,3,3
A09,225,4,3,3,3,3
A09,226,4,2,2,2,3
A09,227,4,1,1,1,3
A09,228,4,2,1,1,3
A09,229,4,3,1,3,3
A09,230,4,3,3,3,3
A09,231,4,0,0,0,3
A09,232,4,2,2,2,3
A09,233,4,2,2,2,3
A09,234,4,2,2,2,3
A09,235,4,2,2,2,2
A09,236,4,0,0,0,0
A09,237,4,2,3,1,3
A09,238,4,1,1,1,3
A09,239,4,3,3,3,0
A09,240,5,0,0,0,0
A09,241,5,0,0,0,0
A09,242,5,2,2,2,3
A09,243,5,2,2,2,3
A09,244,5,0,0,2,3
A09,245,5,2,0,0,0
A09,246,5,2,2,2,3
A09,247,5,3,3,3,3
A09,248,5,1,1,1,3
A09,249,5,1,1,1,1
A09,250,5,3,3,3,3
A09,251,5,1,1,1,3
A09,252,5,2,2,3,0
A09,253,5,3,3,3,3
A09,254,5,2,0,0,2
A09,255,5,1,2,2,2
A09,256,5,0,0,0,0
A09,257,5,1,0,0,1
A09,258,5,3,3,3,3
A09,259,5,0,0,0,0
A09,260,5,2,2,2,3
A09,261,5,1,1,1,3
A09,262,5,2,2,2,3
A09,263,5,3,0,0,3
A09,264,5,0,0,0,3
A09,265,5,0,0,0,0
A09,266,5,1,2,2,3
A09,267,5,3,3,3,3
A09,268,5,0,0,1,1
A09,269,5,3,3,1,3
A09,270,5,1,1,1,3
A09,271,5,1,1,1,3
A09,272,5,2,3,3,3
A09,273,5,2,2,2,0
A09,274,5,3,3,1,0
A09,275,5,3,3,3,3
A09,276,5,2,3,3,3
A09,277,5,0,0,0,0
A09,278,5,0,0,0,0
A09,279,5,1,1,1,3
A09,280,5,0,0,0,0
A09,281,5,3,3,3,3
A09,282,5,1,1,1,1
A09,283,5,3,3,3,3
A09,284,5,3,3,3,0
A09,285,5,0,0,0,0
A09,286,5,1,1,1,3
A09,287,5,2,2,2,3
