subject,MCD_acc,MCD_kappa,MCSD_acc,MCSD_kappa,MC-FTDB_acc,MC-FTDB_kappa,E-Dropout_acc,E-Dropout_kappa,EMCD_acc,EMCD_kappa,DUQ_acc,DUQ_kappa,SNGP_acc,SNGP_kappa,LEMC-FTDB_acc,LEMC-FTDB_kappa
A01,81.94,0.76,78.82,0.72,83.33,0.78,81.94,0.76,83.33,0.78,72.92,0.64,79.86,0.73,86.46,0.82
A02,59.38,0.46,60.07,0.47,63.89,0.52,60.42,0.47,63.19,0.51,49.31,0.32,52.78,0.37,69.44,0.59
A03,84.72,0.80,86.46,0.82,91.67,0.89,89.58,0.86,90.97,0.88,86.81,0.82,87.15,0.83,92.01,0.89
A04,62.15,0.50,61.81,0.49,69.44,0.59,64.93,0.53,64.24,0.52,63.19,0.51,63.19,0.51,73.96,0.65
A05,68.75,0.58,67.71,0.57,70.49,0.61,71.53,0.62,73.61,0.65,69.79,0.60,68.06,0.57,74.65,0.66
A06,57.64,0.44,59.72,0.46,55.21,0.40,58.68,0.45,56.60,0.42,57.99,0.44,55.56,0.41,63.19,0.51
A07,72.57,0.63,80.21,0.74,89.58,0.86,85.07,0.80,86.11,0.81,73.26,0.64,75.35,0.67,91.32,0.88
A08,79.51,0.73,66.67,0.56,78.82,0.72,78.12,0.71,80.21,0.74,72.22,0.63,68.40,0.58,86.81,0.82
A09,73.61,0.65,73.96,0.65,81.25,0.75,79.17,0.72,79.86,0.73,71.53,0.62,76.39,0.69,85.76,0.81
